"id","client_id","wrapper_id","session_id","class","init_args","timestamp"
"1","281472670225168","281472671032256","2dd9b0e8-cf3f-444e-88d7-1c729234a944","OpenAI","{""timeout"": 120}","2025-03-17 15:18:22.132050"
"2","281472670232368","281472671032256","2dd9b0e8-cf3f-444e-88d7-1c729234a944","OpenAI","{""timeout"": 120}","2025-03-17 15:18:22.150951"
"3","281472670323664","281472671032256","2dd9b0e8-cf3f-444e-88d7-1c729234a944","OpenAI","{""timeout"": 120}","2025-03-17 15:18:22.167421"
"4","281472903674432","281472902653152","d4282279-80f3-4051-9cae-32911f2f38ac","OpenAI","{""timeout"": 120}","2025-03-17 15:41:10.258660"
"5","281472905594448","281472902653152","d4282279-80f3-4051-9cae-32911f2f38ac","OpenAI","{""timeout"": 120}","2025-03-17 15:41:10.280846"
"6","281472903638112","281472902653152","d4282279-80f3-4051-9cae-32911f2f38ac","OpenAI","{""timeout"": 120}","2025-03-17 15:41:10.298996"
"7","281472434329104","281472435305168","7cffbb4e-0271-4fc0-8ae4-87ae3c7cb3c6","OpenAI","{""timeout"": 120}","2025-03-17 16:11:32.227799"
"8","281472437268896","281472435305168","7cffbb4e-0271-4fc0-8ae4-87ae3c7cb3c6","OpenAI","{""timeout"": 120}","2025-03-17 16:11:32.245895"
"9","281472434619648","281472435305168","7cffbb4e-0271-4fc0-8ae4-87ae3c7cb3c6","OpenAI","{""timeout"": 120}","2025-03-17 16:11:32.262787"
"10","281472610339584","281472610161952","cece6657-f615-468f-b0f9-ace7cfaf1cf9","OpenAI","{""timeout"": 120}","2025-03-17 16:31:53.288882"
"11","281472611072912","281472610161952","cece6657-f615-468f-b0f9-ace7cfaf1cf9","OpenAI","{""timeout"": 120}","2025-03-17 16:31:53.313361"
"12","281472610374320","281472610161952","cece6657-f615-468f-b0f9-ace7cfaf1cf9","OpenAI","{""timeout"": 120}","2025-03-17 16:31:53.332465"
"13","281472692748656","281472696286672","46df16cd-afbc-45f7-b325-fa4f427969b2","OpenAI","{""timeout"": 120}","2025-03-17 17:02:31.127069"
"14","281472695610032","281472696286672","46df16cd-afbc-45f7-b325-fa4f427969b2","OpenAI","{""timeout"": 120}","2025-03-17 17:02:31.143012"
"15","281472692830912","281472696286672","46df16cd-afbc-45f7-b325-fa4f427969b2","OpenAI","{""timeout"": 120}","2025-03-17 17:02:31.159022"
"16","281472577121232","281472577122144","566738fe-3fe8-412f-b82d-3ebd6da5d3dd","OpenAI","{""timeout"": 120}","2025-03-17 17:31:59.816506"
"17","281472576285360","281472577122144","566738fe-3fe8-412f-b82d-3ebd6da5d3dd","OpenAI","{""timeout"": 120}","2025-03-17 17:31:59.837983"
"18","281472576344368","281472577122144","566738fe-3fe8-412f-b82d-3ebd6da5d3dd","OpenAI","{""timeout"": 120}","2025-03-17 17:31:59.855493"
"19","281472883904432","281472883904336","8fe55b6b-4b6b-401c-a225-220b79dc8311","OpenAI","{""timeout"": 120}","2025-03-17 17:50:57.302624"
"20","281472883911632","281472883904336","8fe55b6b-4b6b-401c-a225-220b79dc8311","OpenAI","{""timeout"": 120}","2025-03-17 17:50:57.323422"
"21","281472883987024","281472883904336","8fe55b6b-4b6b-401c-a225-220b79dc8311","OpenAI","{""timeout"": 120}","2025-03-17 17:50:57.340609"
"22","281471903338128","281471932572560","940b60b4-2d70-4073-8df2-2d74dbee7d66","OpenAI","{""timeout"": 120}","2025-03-17 19:03:51.095926"
"23","281471903345280","281471932572560","940b60b4-2d70-4073-8df2-2d74dbee7d66","OpenAI","{""timeout"": 120}","2025-03-17 19:03:51.115060"
"24","281471904129504","281471932572560","940b60b4-2d70-4073-8df2-2d74dbee7d66","OpenAI","{""timeout"": 120}","2025-03-17 19:03:51.130621"
"25","281472435575008","281472435574480","f0b7fe9b-d13c-45fe-bdd2-ea68e35c2955","OpenAI","{""timeout"": 120}","2025-03-17 19:31:05.930710"
"26","281472436540608","281472435574480","f0b7fe9b-d13c-45fe-bdd2-ea68e35c2955","OpenAI","{""timeout"": 120}","2025-03-17 19:31:05.952580"
"27","281472435864880","281472435574480","f0b7fe9b-d13c-45fe-bdd2-ea68e35c2955","OpenAI","{""timeout"": 120}","2025-03-17 19:31:05.970524"
"28","281472250041824","281472250042112","3531365e-196f-46a5-ba50-ac7313f3903f","OpenAI","{""timeout"": 120}","2025-03-17 20:09:26.203060"
"29","281472250049360","281472250042112","3531365e-196f-46a5-ba50-ac7313f3903f","OpenAI","{""timeout"": 120}","2025-03-17 20:09:26.221068"
"30","281472250347984","281472250042112","3531365e-196f-46a5-ba50-ac7313f3903f","OpenAI","{""timeout"": 120}","2025-03-17 20:09:26.239745"
"31","281472684360816","281472684360144","68c2177e-082b-4888-bd54-babbcfebe591","OpenAI","{""timeout"": 120}","2025-03-17 20:32:14.378382"
"32","281472687085744","281472684360144","68c2177e-082b-4888-bd54-babbcfebe591","OpenAI","{""timeout"": 120}","2025-03-17 20:32:14.400030"
"33","281472684426256","281472684360144","68c2177e-082b-4888-bd54-babbcfebe591","OpenAI","{""timeout"": 120}","2025-03-17 20:32:14.417976"
"34","281472239273456","281472272042512","309354c3-ab13-4186-a1b4-7ea508513703","OpenAI","{""timeout"": 120}","2025-03-18 10:43:22.456498"
"35","281472268506448","281472272042512","309354c3-ab13-4186-a1b4-7ea508513703","OpenAI","{""timeout"": 120}","2025-03-18 10:43:22.478040"
"36","281472239388912","281472272042512","309354c3-ab13-4186-a1b4-7ea508513703","OpenAI","{""timeout"": 120}","2025-03-18 10:43:22.495831"
"37","281472449185744","281472449187760","b08151f7-0710-46a1-a381-c0c40e3b733f","OpenAI","{""timeout"": 120}","2025-03-18 11:13:53.390310"
"38","281472449194864","281472449187760","b08151f7-0710-46a1-a381-c0c40e3b733f","OpenAI","{""timeout"": 120}","2025-03-18 11:13:53.411154"
"39","281472449270112","281472449187760","b08151f7-0710-46a1-a381-c0c40e3b733f","OpenAI","{""timeout"": 120}","2025-03-18 11:13:53.428561"